population,sim_column,status,n_points_compared,MAE,RMSE,NRMSE_range,NRMSE_mean,MAPE_%,R2
Tumor,C,ok,62,1657.516129032258,1998.0329123458414,0.3131222241570038,0.5451826644549282,42.28257325311102,0.18423037892439376
PSC,P,ok,64,388.015625,626.6399359879643,0.31873852288299304,1.8558517308296953,156.21962198507416,-0.4477555919677454
CD8,E,ok,64,46.109375,50.291804749879475,0.1420672450561567,0.5673674429741382,563.2151764501838,0.7765921536944211
NK,N,ok,64,16.375,22.058161754779114,0.1275038251721336,0.3060312925007291,20.690489867011397,0.8005541563376565
HelperT,H,ok,64,131.328125,166.04616263256432,0.2695554588190979,0.3046456557200962,36.90279602572936,0.2752061029443982
Treg,R,ok,64,111.734375,131.42351625565342,0.4761721603465704,0.6492555029225642,48.8204591309637,-1.6957865379721118
