population,sim_column,status,n_points_compared,MAE,RMSE,NRMSE_range,NRMSE_mean,MAPE_%,R2
Tumor,C,ok,100,1242.53,1602.2104637031928,0.19404268665413502,0.27446907210174115,29.42957947647813,0.7123792357780351
PSC,P,ok,100,1502.26,2126.618987971282,0.4860843401077216,1.0809286306654884,1727.1680008382102,-0.2946239953657557
CD8,E,ok,100,22.33,23.510635891017493,0.05506003721549764,0.380431001472775,500.24140762713546,0.9558796766345472
NK,N,ok,100,17.2,19.52075818199693,0.08450544667531137,0.3585079555922301,146.93158698562488,0.8985459882387787
HelperT,H,ok,100,264.98,326.8988528581892,0.32657228057761156,0.765804232806684,58.7163214643396,0.0011839765660217605
Treg,R,ok,100,236.48,279.69851626349396,0.48813004583506797,0.7588131206280356,56.36434036533387,-1.817227774400696
