population,sim_column,status,n_points_compared,MAE,RMSE,NRMSE_range,NRMSE_mean,MAPE_%,R2
Tumor,C,ok,1,103.0,103.0,,0.21729957805907174,21.729957805907173,
PSC,P,ok,3,0.6666666666666666,0.816496580927726,0.816496580927726,0.34992710611188255,27.777777777777775,-1.9999999999999996
CD8,E,ok,3,94.33333333333333,95.5353337776134,2.8098627581651,0.28043640052137003,27.926190991288944,-43.11546723952739
NK,N,ok,3,10.333333333333334,13.428824718989125,1.0329865168453174,0.07364986134728953,5.808774558774559,-5.38976377952756
HelperT,H,ok,3,19.0,25.212430796467576,,0.030014798567223305,2.2619047619047623,
Treg,R,ok,3,2.6666666666666665,3.6514837167011076,0.40572041296678973,0.05241364186652307,3.6550836550836556,0.016393442622950727
